id,sender,receiver,amount,tx_type
YMCOCLGW74JHBJNNGZK6ZL4YZKXLVQOWCM5XBFNR2XJEPP4MTVEA,DPGFNR5YEGDF6ZF3FJPGUDFSOOZXOOFIZJCKFPIEAUDUV72AON6GMKDXJE,4ADBL4JU6XRWT2DLWMNTQ7V7GLQUVVUQJ5NDWUNGXAJPRW3JGZ7HJUSC4I,2000,pay
TCYOAVSP3VTWXCBO6PEEACVV6X6LQ4JHYVD6QF43NVELTX22RJDA,4ADBL4JU6XRWT2DLWMNTQ7V7GLQUVVUQJ5NDWUNGXAJPRW3JGZ7HJUSC4I,DPGFNR5YEGDF6ZF3FJPGUDFSOOZXOOFIZJCKFPIEAUDUV72AON6GMKDXJE,216211,pay
U34OUETZB3ST2B6EEWRGX2YYEPTGX3MQQSO4E3E35AZWLF7HMDIA,M645L4V46IHAZI23JOGCSJ4WYOVCQJ4MXC2NHRGTEUN7GIESD6GNYA7REM,CRLADAHJZEW2GFY2UPEHENLOGCUOU74WYSTUXQLVLJUJFHEUZOHYZNWYR4,0,pay
IJLQO4SAPFFFHZGMHRSZPNSG26RCBCFY4EKRDPU22ODZYXIDTMIA,FAM4UPTFOBTFNMPGRZ67XAPMMBCBAUESSMJO3I5QB446SM262LCTVL4VP4,FMBXOFAQCSAD4UWU4Q7IX5AV4FRV6AKURJQYGXLW3CTPTQ7XBX6MALMSPY,19999000,pay
R53NWD6AFMCPAY5WOO3IP2HJKUJXT2FSREZPMKVAJEJAAAJNDLWQ,C2XOKOZN2EFGMSSU6RAMCV4V5KMIJLGZN67HNM6DKX6WAVMDGX37SIMPBM,TWMMHEJFGAFEC6SPIJYFN7YEVDBJ2NHGRHS7ZMABC62BKZ7SNPKFTRMNHI,100000000,pay
R26M4SM4R2TAVYQMLUHGDEAUDCN3D5XFXUG4EVCVV6WHN5AHBFIA,63JQAMWZ367L4GQCVR2TKKWTS6EQXDHBJTUBJMZ4VX23GY4KEDNLCS6ICA,SP745JJR4KPRQEXJZHVIEN736LYTL2T2DFMG3OIIFJBV66K73PHNMDCZVM,16913624,pay
FPJVBQTPT5H3OTAP2K6DNWGI27DZ2JFXKQDCBAL4GW2AKELB62WQ,GY554I7Z6WWJH3V5VBV26K6J5ZPZCXQDTKERELVEMVL3BQD5RAXI3RSWWA,4ADBL4JU6XRWT2DLWMNTQ7V7GLQUVVUQJ5NDWUNGXAJPRW3JGZ7HJUSC4I,2000,pay
YPO7P6WXOZI5DDRJSICJVV52EHHNYR2RWOH2SR4SC7J5DWDFCJRQ,GY554I7Z6WWJH3V5VBV26K6J5ZPZCXQDTKERELVEMVL3BQD5RAXI3RSWWA,4ADBL4JU6XRWT2DLWMNTQ7V7GLQUVVUQJ5NDWUNGXAJPRW3JGZ7HJUSC4I,19196952,pay
TL77JGRGR2ZKPK5HY76ICIKXV44CUPFS3IACZCERTSSCDX3Z254Q,BVMEUTF37WNEQ6GYCZISRFHGLEMOKT5OCPPTTJXVED6JBSXKF6YJJRZRI4,ZSUEGEDLF26A75E27LOM6ISVLFCJYC7X3SY7VI6IKQZSS3K3UOOXQAMDMA,379250723,pay
2ZBDTQH6Q6CFINWG7SBTQXHHB7WIHEMHMQ2666C7KYI3CDAJL7YA,3Y3UKKOPG2HBLHXYCP3IATDGEHMGHY7YHSATC7JOHJ4C3NNSDEP5IXEVHE,KLA6SWFMIGTMEMQYFBPIMT56XWAW5AZ6E4ZVQQ22TN4QEWBOLELBKKGYTQ,2000,pay
H53JM44DP3PE25ETN4UQZS45G2WAVNB3KJMRLKEKAWVILEYOH7SQ,3Y3UKKOPG2HBLHXYCP3IATDGEHMGHY7YHSATC7JOHJ4C3NNSDEP5IXEVHE,KLA6SWFMIGTMEMQYFBPIMT56XWAW5AZ6E4ZVQQ22TN4QEWBOLELBKKGYTQ,100000000,pay
TEGTC5NDZPZLCQML4HB2K2URNEUWPXH2HT4ZWH572QUHGKJP5UFQ,FMBXOFAQCSAD4UWU4Q7IX5AV4FRV6AKURJQYGXLW3CTPTQ7XBX6MALMSPY,JHA2BZEPDY5HYJSGDOFO4HHM4VF3LU6U2RMEWPMHJGIOV2G65FZPHOBKHA,7942121,pay
N6U2WNROJTYLNS32GFA5GI7R2GW3DH3IJQ7ZECB5OGN2DMDSCVTA,JHA2BZEPDY5HYJSGDOFO4HHM4VF3LU6U2RMEWPMHJGIOV2G65FZPHOBKHA,FMBXOFAQCSAD4UWU4Q7IX5AV4FRV6AKURJQYGXLW3CTPTQ7XBX6MALMSPY,1000,pay
KDGJ7ZLDDEGXAMMFMS56M2ADPJJ62QCJ57XKFYMTLHO2LEVKOCGQ,6OEVHXVXDOYEJT2RT7XTHGINBLLX6KCRI5V3K5OO25AYC6QQUK46SBOMSA,L3RLGOFBAST4R36F4VNNHIPHYD3VFA3ELHPBPENHEDLSBHTZ647N5WW6WI,2000,pay
TBUZTDUMAU6FL6EDW5BZLMKNZ4O7KC74CCXUW77WQFYJJZVQQUEQ,L3RLGOFBAST4R36F4VNNHIPHYD3VFA3ELHPBPENHEDLSBHTZ647N5WW6WI,6OEVHXVXDOYEJT2RT7XTHGINBLLX6KCRI5V3K5OO25AYC6QQUK46SBOMSA,50689,pay
57B2IUD7MWKA47NXOSNAPMUVYCCIUHFGTZ6ENJELPREFCG2CXHBA,O45JMNOPQW4UMOJPJDQQ3JL6W6JDU5DCXACRYP4VP3DFWMBU5IKGB6RM3A,V7QDHA2TVN5MDSWRRZWTQHPMCM3LBHQFYEFCWVJTLJELZZT2GIFS5OIN3E,2000,pay
PQMH467MFU3XFRW36YPOW42AXORNRWDI55BNCQKFSWEWGCTRO4CQ,V7QDHA2TVN5MDSWRRZWTQHPMCM3LBHQFYEFCWVJTLJELZZT2GIFS5OIN3E,O45JMNOPQW4UMOJPJDQQ3JL6W6JDU5DCXACRYP4VP3DFWMBU5IKGB6RM3A,1008,pay
RTPTMFTGL7U77ZU6HCKV7HWNRVX2ZNJPNBJDXN3D6XRVIY35H4UA,NSIF77AAAADPD52WF63YMX4HVDDRHKMN6DT5BFHIMHQIIYJ4FRVIH4KT5A,BNPDMNEPW3BOZDEFH2WZZDT7LK3KH4EAIMXWPJNNNYL5C24JJFHXZT2DOU,2000,pay
GJOLYG5PJ7QDZZYNBZCFQ3PA5LHYX2SXWCDDWS5KS6I7KPRUP4OA,BNPDMNEPW3BOZDEFH2WZZDT7LK3KH4EAIMXWPJNNNYL5C24JJFHXZT2DOU,NSIF77AAAADPD52WF63YMX4HVDDRHKMN6DT5BFHIMHQIIYJ4FRVIH4KT5A,33525814,pay
HZPQKU7KXKCCPEMLLWZYE4WMS26WIR75AX64AFJNJGG6CB6G37AA,FMBXOFAQCSAD4UWU4Q7IX5AV4FRV6AKURJQYGXLW3CTPTQ7XBX6MALMSPY,RYGSKOFJWOKBNHZZ4ZXXDIJU6BFICMDDXCIBJPN6UMQJG7OAUYVYJ7I6QA,4927,pay
V5NMCTBKK7NSYJBILQWFAVO37E5BDZCT2VQS565DWGNCANJKSHGA,RYGSKOFJWOKBNHZZ4ZXXDIJU6BFICMDDXCIBJPN6UMQJG7OAUYVYJ7I6QA,FMBXOFAQCSAD4UWU4Q7IX5AV4FRV6AKURJQYGXLW3CTPTQ7XBX6MALMSPY,2000,pay
SZ2YQN7VV7VS3JQ4PZH2EASD65KTT6TPHRACNYM6UZW22EFKHVHQ,YH76WHLGQEJTDWCX7GAHYDTJ3YQ6JUNW32GGWORTR6VYUHVP6IXFOO4WZE,4ADBL4JU6XRWT2DLWMNTQ7V7GLQUVVUQJ5NDWUNGXAJPRW3JGZ7HJUSC4I,2000,pay
TCFVHXL3FO3TQ22PTAZN67EQL72C47D4D3LM3AGQ7HCU7VVG3OPQ,YH76WHLGQEJTDWCX7GAHYDTJ3YQ6JUNW32GGWORTR6VYUHVP6IXFOO4WZE,4ADBL4JU6XRWT2DLWMNTQ7V7GLQUVVUQJ5NDWUNGXAJPRW3JGZ7HJUSC4I,5000000,pay
KBUEI73LTPHUUIPACN6DQY3VOJOPIUOK3TSNQ3SCAUDFQYFWCLMQ,DFEVFVCCPU3COROMIMRG4ACLKYJKIEDK3Y43T5A24BIV35SHU3RYQD2G4Y,W3RTY34WM3WNAPESJX3NCHX6KP32O6V2RI5WNB3RBKKZE3RQAXYTLNUWCI,2000,pay
FHNXRJYVK6NTKR3RJ6C66WJV3C7TLKNM2IOGNRCCVMIYKAX3PG2A,W3RTY34WM3WNAPESJX3NCHX6KP32O6V2RI5WNB3RBKKZE3RQAXYTLNUWCI,DFEVFVCCPU3COROMIMRG4ACLKYJKIEDK3Y43T5A24BIV35SHU3RYQD2G4Y,923,pay
GGFY6NKVMZTYXOC6WN4DHOYXVDUBC26ZAT3GAIUTA2N2HGLZJT3A,DFEVFVCCPU3COROMIMRG4ACLKYJKIEDK3Y43T5A24BIV35SHU3RYQD2G4Y,W3RTY34WM3WNAPESJX3NCHX6KP32O6V2RI5WNB3RBKKZE3RQAXYTLNUWCI,2000,pay
EHRZBAK6JQ5HUNXHMSRHWFLZG5SHRC6BDP6P3KYPWIO53CUYAB4A,D4WRTXOEZYMUW6TL2T5745X3G4OBDKUOJJCZQXYAASGUQX4MLQZ2ABJFAI,AXY45DUDUDXFK2IBS6L4H4HFUD23IEIN7JJAQKQAQFAGP2L77P4F57NJ5M,602147000,pay
JMTHEJHLE4CVGC5WMPNZKC7VCKDUROTVQNDCX6JKM3KHGWFABXCQ,ZLNVOYTJXYGY623XDKEVCRM4ZHIK5ZMPTX52JHPEEFQSCZPVCTNEMANZWE,BNPDMNEPW3BOZDEFH2WZZDT7LK3KH4EAIMXWPJNNNYL5C24JJFHXZT2DOU,2000,pay
EYV66OXXLOXP2LY7757RHQIMVDRDBYQISPDB7GBF6KXBKUKGU23Q,PTQSDX4NLLRWWQ7D6S763UZ2NB5FTZ5JJ2PCFKDIQPEQK6KIWQVM2D7HUI,4SB2PXRYS5CDWZUXLIYU6GBKS7H6BQNMURF6J3K5DORMGP76WY6WHOQ6KU,2000,pay
3L5G2CKUN4ADVD5P7SOHWMO57ZUCSJLKFZ3QVNYZOU4G4TPTLGJA,7W22IHA4NFML76OKP43YO7KM3RKO7MPEPVT5A4EYL5D5D5V6H4PL6XSVLQ,SP745JJR4KPRQEXJZHVIEN736LYTL2T2DFMG3OIIFJBV66K73PHNMDCZVM,17581404,pay
2AAGCVSMXEE74UBONDUQ4D4WTCRIQDM5XZKPP5C5BV5PFPW67H2A,UXVAPU4KERSMNUILDVZUKKF4KMWQ7RFSSYPXYSEGSYNYILC4FEHISKRBNM,3RILCSHSPGS4T5ISYMBYQXIRCRYD23JJ5DS72ALAZIYK4IBQVUR5RS5HHA,703998000,pay
FDB7KL7MY6J4ZIFZP2ERDI2AAWTB6TJZGETRFHVKZTH3RZIKTYKA,X2GH4XOJYSO5NZOVZC3MTLTH5I2VJ7TK357ZVX3CC5Q6TMB35STEPK5LFE,V7QDHA2TVN5MDSWRRZWTQHPMCM3LBHQFYEFCWVJTLJELZZT2GIFS5OIN3E,2000,pay
XJ74XB3X4NR3HM6H6RYTGYHDVWNMCRFH6EKKD772LTR6BOYCRNZQ,X2GH4XOJYSO5NZOVZC3MTLTH5I2VJ7TK357ZVX3CC5Q6TMB35STEPK5LFE,V7QDHA2TVN5MDSWRRZWTQHPMCM3LBHQFYEFCWVJTLJELZZT2GIFS5OIN3E,1082,pay
PAIMMZIIHMAAX4FEGCBQVTGGVE6THOXUX3KSLOFLVQ3KFBRETBIQ,TINYLQ6TNZLY2FDK6M6I4CKCXD5CUVHVJISFZYCGCOLZWHIOFEIUBOV3UE,BNPDMNEPW3BOZDEFH2WZZDT7LK3KH4EAIMXWPJNNNYL5C24JJFHXZT2DOU,2000,pay
JYP5FPAJPCOHAJ6OYHZIYZ2RW5JZEHIXFRYNVF7TGZNBFOWMIV6Q,TINYLQ6TNZLY2FDK6M6I4CKCXD5CUVHVJISFZYCGCOLZWHIOFEIUBOV3UE,BNPDMNEPW3BOZDEFH2WZZDT7LK3KH4EAIMXWPJNNNYL5C24JJFHXZT2DOU,11990000,pay
UJ5ERMH22A7GZ6SQU4MPMJH72NO33RHHDRRW6CZGCKT433SVYIIA,OCIWV4N3CE6COLGPLDOJIP24BVZBHJK4XEMPNSYQ2L2KZHJ5RL3TDEZTKI,AXY45DUDUDXFK2IBS6L4H4HFUD23IEIN7JJAQKQAQFAGP2L77P4F57NJ5M,13889000,pay
MRYUR3WB3K66DVOLK66ZC2HH3XNJSZLFA6JQ6SZLRHT55KMT2KSQ,3OLI4CPN5IKYTCJDCC7QLUFVBOSSNKMVTJP3JBUUK7OEZRKJTFE373UNIE,4ADBL4JU6XRWT2DLWMNTQ7V7GLQUVVUQJ5NDWUNGXAJPRW3JGZ7HJUSC4I,2000,pay
NBXSG4WOTWU5HB2PHKSP54XX5HHYSV32EAF7FNHGHXMK4WJVOAHQ,4ADBL4JU6XRWT2DLWMNTQ7V7GLQUVVUQJ5NDWUNGXAJPRW3JGZ7HJUSC4I,3OLI4CPN5IKYTCJDCC7QLUFVBOSSNKMVTJP3JBUUK7OEZRKJTFE373UNIE,8983687,pay
OOTYFCI57IL2UP4E5TSPHILWPV5NLKHUGHVYHUAQKR6FDFATRXAA,ZV7TUSJBCAMICRL7UUJGMHGWPARMMPARICNN6NMVFADTUQW3VPASQ34MGA,UXVAPU4KERSMNUILDVZUKKF4KMWQ7RFSSYPXYSEGSYNYILC4FEHISKRBNM,83706000,pay
43VAYRPYIZK6HWOIZQ72VQTKHXQ2VD5L3P3S6WSWWYYRGDUDP4FQ,EUI4W2XWUSCZFQSIR3CQ43724IAZUSTVDIOSNPRUJGHT46ATIQ7TKSSHWE,Y74RXNAUAZT2U5PD57Y22NVU6UPW5WNLRLHA763EE5IJSLSJXRAX6YY4OE,2000,pay
XE6DSMSIRRWA72N7ARCQKXTLQPS4Q53HTS5SX7YNGUIS4646Q7HA,Y74RXNAUAZT2U5PD57Y22NVU6UPW5WNLRLHA763EE5IJSLSJXRAX6YY4OE,EUI4W2XWUSCZFQSIR3CQ43724IAZUSTVDIOSNPRUJGHT46ATIQ7TKSSHWE,2478151752,pay
JYYBHZTYNW3GRFFL5PJ5LYDNYSW4SFDDQRGH2RYE7GXFYCP7FQWQ,IVRMBUAMVXIMHPB4IJOEXEVVXVTP5B3BHQDKDADGLXSRO6OTFXH3JECMVY,QD6NSI23VUWBUUT5PJJV7KZ34QEWRIOJJACSYA2OR743RCQQJVLEVZ4WW4,56988999,pay
J3TJJLW4MRTWETLSYKSOPTGYJHCFFD7UYZBX4IZEJJSJFVGNJDYA,DPGFNR5YEGDF6ZF3FJPGUDFSOOZXOOFIZJCKFPIEAUDUV72AON6GMKDXJE,4ADBL4JU6XRWT2DLWMNTQ7V7GLQUVVUQJ5NDWUNGXAJPRW3JGZ7HJUSC4I,2000,pay
C25CODC4VDXKT2NOA7SJJXISOJN4TD4OVFJ6FONITDMGGN5EEFDA,4ADBL4JU6XRWT2DLWMNTQ7V7GLQUVVUQJ5NDWUNGXAJPRW3JGZ7HJUSC4I,DPGFNR5YEGDF6ZF3FJPGUDFSOOZXOOFIZJCKFPIEAUDUV72AON6GMKDXJE,928,pay
46BI574HLSHODOV4ASJSGBT2DDEGYAGL3LWPPDXW2PAOEDPUA2XA,KF4XF3GCRM4MLXRGEAXYJ6R5CW6JD2766GLVY6NYNHKHRXCHM2NZLQ5FV4,SP745JJR4KPRQEXJZHVIEN736LYTL2T2DFMG3OIIFJBV66K73PHNMDCZVM,22065811,pay
G7YTSI63X3UWNULKLACUC3QJRDMTUALA4WWTQXMAM4VOSDZFKYYQ,TINYLQ6TNZLY2FDK6M6I4CKCXD5CUVHVJISFZYCGCOLZWHIOFEIUBOV3UE,BNPDMNEPW3BOZDEFH2WZZDT7LK3KH4EAIMXWPJNNNYL5C24JJFHXZT2DOU,2000,pay
SKYJQD3VKUCKDVZY6746NYOZEB3XNKJGOLHXQEEB7DN25SFSH4PQ,X2GH4XOJYSO5NZOVZC3MTLTH5I2VJ7TK357ZVX3CC5Q6TMB35STEPK5LFE,V7QDHA2TVN5MDSWRRZWTQHPMCM3LBHQFYEFCWVJTLJELZZT2GIFS5OIN3E,2000,pay
EBZVL3TIHQTZTOG4IDTYEJKURPZDR3DCUV23FLPGBMIKJZ6GJL6A,V7QDHA2TVN5MDSWRRZWTQHPMCM3LBHQFYEFCWVJTLJELZZT2GIFS5OIN3E,X2GH4XOJYSO5NZOVZC3MTLTH5I2VJ7TK357ZVX3CC5Q6TMB35STEPK5LFE,1055,pay
INYERCBE65USRWBMROZJTRFUZ3SYM674QM2T2ZL377Z3BRPM3OMA,GUMGPEM2WVPA33ALMNZCCH5RCKX56UPCYEXKZSIEWOJLZSNDL7RPDH2ICY,TY5N6G67JWHSMWFFFZ252FXWKLRO5UZLBEJ4LGV7TPR5PVSKPLDWH3YRXU,5000000,pay
TPJXXVHY5WVMWOHUIJ6JHS4KLMMMOL5QXCFW33M242XQVLSMZ45Q,PTQSDX4NLLRWWQ7D6S763UZ2NB5FTZ5JJ2PCFKDIQPEQK6KIWQVM2D7HUI,4SB2PXRYS5CDWZUXLIYU6GBKS7H6BQNMURF6J3K5DORMGP76WY6WHOQ6KU,2000,pay
Z5X347PAYXXE663ZP4QGKOLFEWFKX2R6B2VHRUFM43QYYSS2K5ZA,IMGMVBZEPMM36AIMWI7FZHG2G44KEESC5ALZHWX7B7SBNBDY6Z7COYMO6U,Y3BBVS3XJ4BCQSVP6OEPAR2TJ773LMRO6JTRBSLPIKFZU3STANUT3JDQVA,104809600,pay
AUR6FELYCZKUMNARVK6D3A6DZTDEUVQLAJQNIKRRVWNVVMX3CQNQ,FMBXOFAQCSAD4UWU4Q7IX5AV4FRV6AKURJQYGXLW3CTPTQ7XBX6MALMSPY,IC3FSKUVDWLKS5T6NA4VNMHRDIEWFQOXNAPMTKCNTPOODTMNYB3L6N7TSY,9374,pay
H6VRFNUURXDWBRKUGCVAW4ZUCVYRB5FIE4H34E6AWAIWZ7OIPTAQ,IC3FSKUVDWLKS5T6NA4VNMHRDIEWFQOXNAPMTKCNTPOODTMNYB3L6N7TSY,FMBXOFAQCSAD4UWU4Q7IX5AV4FRV6AKURJQYGXLW3CTPTQ7XBX6MALMSPY,2000,pay
THOVII2LO3OJMMARO2G4UWRSLTP4UBYNMBJQWTCK4G5PHZ7VA6JA,QZJUNH2ILJYVQFQ3QHYCPSJOJVPATEJS4NDBQ6FCSD2XR7BBIU3EHTV6DE,LWUWBZPVBS24TDBDZ72LUYJJF75KUJ3IUP6YGG45PVKGNAJYRGQD5CSCPA,0,pay
YBXZ2QYSWIWQJCRW5PERZMUCKLXJD6SVILMIZD2RGCC3I5SQK7DA,FAMXONMLEMDD57HSUITLDPA7OFC5H3BSIN6UBWYOL2LOLRIHCGTN2CAH3Y,ORE3VMYR7CG3OEMYRMHCUFE6DRSD7XUGLTO6JK5C3UOYFIGDX2AOAMEFZI,20629860,pay
XWQ2WTI7DDJWWNYDVAHVOFSBWYJTWK6LA5B6XMZYO3MAQSMUYMFQ,DV6DURUPWBBYOJ2OXXJCGJREC4IRS5ODPGQHOS3KAE4MGNMNZ4W36D7SZE,WSNWNGIIQPY77LTWA6FKOJQAXPBEZZT4X56MYS5D4O7PCD6PDVH4S27FSI,2000,pay
LUZQH4G7BS27R652PX55RGJOUES5Y6CZCCFWJD5UMPNXOGP7DC4Q,WSNWNGIIQPY77LTWA6FKOJQAXPBEZZT4X56MYS5D4O7PCD6PDVH4S27FSI,DV6DURUPWBBYOJ2OXXJCGJREC4IRS5ODPGQHOS3KAE4MGNMNZ4W36D7SZE,1886143,pay
FR7LDPF2IX3HZCNYST7E4T5UIRPOVDFPOKNZRMMNHNATSW5KEWZQ,IR6CWQWLDD7YEEEGFJV3NGKQEPGPYMYUVNS56QDVM7ZMQR7ZG4TWFGDYP4,UTAZQ7V6BMOKAANW5HM7KXNR6LT3HBKZD3REWNCDTB5UP5CUNBMIVWRH2I,112945000,pay
DWH74G2DLW2Q2WAE2PB7FTXPQG5IKV6GCVBJFLNBESUPQ6ZGK4IQ,PRZYVEMY577BVA5CQBYXWFVAVGEVJ3T6A575O67FSMECX4NCETNCMBH25E,M2MITSIWUXHB6SXHVTB5UOSZYR7QWBO775X7T6GMKSKOX4QUYA267JIICI,2000,pay
M7X3TEZ6G5LWAJ4UYCN2WFOWKTYDPJJRJBF2QP4MF4BUDCP2P2VA,PRZYVEMY577BVA5CQBYXWFVAVGEVJ3T6A575O67FSMECX4NCETNCMBH25E,WPEQYKUMOM5Q5VNT5T22KUI3DCBEPNIIQLTU7QB2JBMHZGTP4XI5QP4OUI,2000,pay
JJFWLKYPIHNBZBUERMKPBK2IQ7SQOATKUDY5SVHLGPQZTS7NGCVQ,WPEQYKUMOM5Q5VNT5T22KUI3DCBEPNIIQLTU7QB2JBMHZGTP4XI5QP4OUI,PRZYVEMY577BVA5CQBYXWFVAVGEVJ3T6A575O67FSMECX4NCETNCMBH25E,36764,pay
7CMOQ3T5PJ4XUW56EMUL3HCR3CNWOFSUK7YYEUFNWBPDWR2BG6XA,PRZYVEMY577BVA5CQBYXWFVAVGEVJ3T6A575O67FSMECX4NCETNCMBH25E,BNPDMNEPW3BOZDEFH2WZZDT7LK3KH4EAIMXWPJNNNYL5C24JJFHXZT2DOU,2000,pay
WOF7A3H2YHMG3BW35NK726PHUFN2C6DGQOZXYDWO6DRUIEWKWBHQ,XFYAYSEGQIY2J3DCGGXCPXY5FGHSVKM3V4WCNYCLKDLHB7RYDBU233QB5M,XFYAYSEGQIY2J3DCGGXCPXY5FGHSVKM3V4WCNYCLKDLHB7RYDBU233QB5M,0,pay
7KSJLUFU4ZWGGKYHN5LCMLOYF6HISPH2QHXZZGVKWO5ACWK4XBSQ,PRZYVEMY577BVA5CQBYXWFVAVGEVJ3T6A575O67FSMECX4NCETNCMBH25E,MOXTA7V5HDQPWDPI2L3UE6VQRJIDRDTU2K24JQVPWHTK4VCLVPMTZNZ5II,2000,pay
QO7GTP65SOUDXOH2UXTLHKHN2XEOK4SHXH7A3DJWGHHJFAQORKWA,MOXTA7V5HDQPWDPI2L3UE6VQRJIDRDTU2K24JQVPWHTK4VCLVPMTZNZ5II,PRZYVEMY577BVA5CQBYXWFVAVGEVJ3T6A575O67FSMECX4NCETNCMBH25E,75874,pay
GR5MARMRUDXWLI6C4XCSF66NAAFMJMO3CY5JYAUTF26JU7K4DESQ,XFYAYSEGQIY2J3DCGGXCPXY5FGHSVKM3V4WCNYCLKDLHB7RYDBU233QB5M,XFYAYSEGQIY2J3DCGGXCPXY5FGHSVKM3V4WCNYCLKDLHB7RYDBU233QB5M,0,pay
ZHESGVPWVQFOGLXJUIWBECI27IRLEOS43TOOCQDPWLK4Y5NHMRYA,XFYAYSEGQIY2J3DCGGXCPXY5FGHSVKM3V4WCNYCLKDLHB7RYDBU233QB5M,XFYAYSEGQIY2J3DCGGXCPXY5FGHSVKM3V4WCNYCLKDLHB7RYDBU233QB5M,0,pay
5GFTYOIQ7AE6HX2ULEFIFZUGQKEMZX6USL2MVG2CQJZC4PJITLVQ,EFP5U35CKU7UYNKRGD25L37D5XIL53AAKFJBSP4ZBEMAX7Z373BL7EHNBI,347RRDVRS3DID3DLENBCW5AP7YMVVTQBYAMQG2QTBVGGLBWSA5DZCYGSLA,15700000,pay
KSOFVUYK33BMT7F4S5K5OEJBDJLJQ7DABM2TGKWA6GMCQUM3YPEQ,347RRDVRS3DID3DLENBCW5AP7YMVVTQBYAMQG2QTBVGGLBWSA5DZCYGSLA,FAUAN6RVFU7HM2GYXTKCYQT6XYIIFFOBBSL3KHNN4DTA3AZUP63MI425CE,12000000,pay
SKZPCKPPYGX6PXBNSABZJ5WPJCKS23R6YULLY3NSGIPCXKNKMBQA,LUMNSHMDJ5Q5GJGA4NEZWNT6UKRI42YPRU7IS2H5J4OOJG4O2OGIMAU3SQ,V7QDHA2TVN5MDSWRRZWTQHPMCM3LBHQFYEFCWVJTLJELZZT2GIFS5OIN3E,2000,pay
CDN5VFZFR4ICWGABYPDOOITHUQECNJBGKASYMV5B4XPBUYUS4OWA,LUMNSHMDJ5Q5GJGA4NEZWNT6UKRI42YPRU7IS2H5J4OOJG4O2OGIMAU3SQ,V7QDHA2TVN5MDSWRRZWTQHPMCM3LBHQFYEFCWVJTLJELZZT2GIFS5OIN3E,1060,pay
HOLG22W4TFIG2C73GK4TAFIDMVLN2ZKSDMEG5HFI57DLCUTENE6Q,HA43BSKDXFF46AZ344IAIVAURVEK2X3OIRYOSV3T656HNUPX6IM32ZMW7E,SP745JJR4KPRQEXJZHVIEN736LYTL2T2DFMG3OIIFJBV66K73PHNMDCZVM,22999090,pay
5HR33HATLVR26RN3C2ZBJLDICQBDL2AWGVIBUWE2Z65IQ6RNUOVQ,I4PESUXMVI5AXKM6RHZ3TDH7L2VG52BCYTSBPDIOPUMU5QE4HIYL3PFWL4,JI2ZFDHBL7TE3CSTIRCJE7LUAR5XSQYQQENCYCMMTQJCIIVXTZLSMS7UMQ,2000,pay
CIBLK4TJFQBFB3KDTGNREPUGBIRIGCB7PGWVXR6YUEJQ4HMLTVWQ,FMBXOFAQCSAD4UWU4Q7IX5AV4FRV6AKURJQYGXLW3CTPTQ7XBX6MALMSPY,WQBJ4L47JLKZMQ2HO3PKX75YLSHFBU5S37LPIHGQRQZAGUGHGORZ57CBDA,29278,pay
KZ6BXUZTEIOYAIORQDFIIVUC4TOC4OZAWGOZH5SB3AMODHAO4STQ,WQBJ4L47JLKZMQ2HO3PKX75YLSHFBU5S37LPIHGQRQZAGUGHGORZ57CBDA,FMBXOFAQCSAD4UWU4Q7IX5AV4FRV6AKURJQYGXLW3CTPTQ7XBX6MALMSPY,2000,pay
MH7HH54YZYUXUD4EDIQDWRMDAHHW7ZSXJ5JYBMRBACRQTLBB5GYQ,NZBALS6OSRROWT2PPCIKJ2S2LNLTD3Z6T3XBRP3FTXF33PZY623KIFEN4U,4ADBL4JU6XRWT2DLWMNTQ7V7GLQUVVUQJ5NDWUNGXAJPRW3JGZ7HJUSC4I,2000,pay
E3OWXBH3IX4VYF6H4USJ2N6AJBTLBOAB3YYAZTQ4GTMGKERD3CFA,NZBALS6OSRROWT2PPCIKJ2S2LNLTD3Z6T3XBRP3FTXF33PZY623KIFEN4U,4ADBL4JU6XRWT2DLWMNTQ7V7GLQUVVUQJ5NDWUNGXAJPRW3JGZ7HJUSC4I,49729113,pay
7UJ4FNKNMGCH6ITRORMHJOLEWAYERST6JYHZF5M2QRY6QRCE3Y5A,EVLYRHBBGOTVNGYS3UUA2BA46NI3WTEG57MQKYGHMZE2L7HN3U4EWECYWE,W3RTY34WM3WNAPESJX3NCHX6KP32O6V2RI5WNB3RBKKZE3RQAXYTLNUWCI,2000,pay
WIGKZXN464WFU7N7XHV5M3HBSCBX7YDBFV5Y66OMSX2DDXUMAKMA,W3RTY34WM3WNAPESJX3NCHX6KP32O6V2RI5WNB3RBKKZE3RQAXYTLNUWCI,EVLYRHBBGOTVNGYS3UUA2BA46NI3WTEG57MQKYGHMZE2L7HN3U4EWECYWE,29500000,pay
VK4ORHDL2NPIZ56CU6IL4BGLUGMWUVMJ6HNIRH5ZKSNI7JYP7IYA,GYM34OEPEI5N5F5LRLKLKHY7XOUVFKN5L5FRXXNF5JQHUEYNVJTQIR56QM,USJEM4NZJQ5WQJFRSAVUASFSRJTA5L5F5RSZEQC7WM4IQPY7SX6HRC2E5Q,57988000,pay
T3MWLOIFRM3C2EPP75AY4SW2SIMB56FYLBA2KMTFI3GDJ6ZGDGAQ,XYLDPAXYY72A725JRAQ3JK62CW75ZWARN6JGXXSDGSG5Z3KXDUPEG5XGNI,USJEM4NZJQ5WQJFRSAVUASFSRJTA5L5F5RSZEQC7WM4IQPY7SX6HRC2E5Q,150169671,pay
36IDEXLLWTMEYYT2EIZGHUXDBBZGGHBC7Z4PUKODM5ATNOGZPUIQ,C5ZYAH5WAPTL3Z4US73DVKMUK7NCHKP3G7SVNFEBX5DMNZL2G5VN34C5DE,USJEM4NZJQ5WQJFRSAVUASFSRJTA5L5F5RSZEQC7WM4IQPY7SX6HRC2E5Q,748388959,pay
ZBCYKN5AQXNZBQTXSTYWT2JBPSX5YI3PSS3QB4WVCCOFXQWADSDQ,LUMNSHMDJ5Q5GJGA4NEZWNT6UKRI42YPRU7IS2H5J4OOJG4O2OGIMAU3SQ,V7QDHA2TVN5MDSWRRZWTQHPMCM3LBHQFYEFCWVJTLJELZZT2GIFS5OIN3E,2000,pay
QFGKTYD2FFVKXGW7GP5K64OK5OAFWCMKWNXUQVKN3AMBCQKNGUEQ,V7QDHA2TVN5MDSWRRZWTQHPMCM3LBHQFYEFCWVJTLJELZZT2GIFS5OIN3E,LUMNSHMDJ5Q5GJGA4NEZWNT6UKRI42YPRU7IS2H5J4OOJG4O2OGIMAU3SQ,1032,pay
L3MSJVSXFTQ5U7I4PAPKY7JCYKKPUAAFWUOVHLLEY2PTK5HHWNCA,5AD65CAAHBTNTHVCA3JMHH2LGHP5FTHJWSOOH6SAH35JTYARGDDERGFDKA,SP745JJR4KPRQEXJZHVIEN736LYTL2T2DFMG3OIIFJBV66K73PHNMDCZVM,29800030,pay
EGAU2C6WIQSPJKCU35S3L4W4ZVHR3Y2YPW7UGLJGY5BGE5T6LZHQ,VUYK3NVD2G3LAYSO7H7LZKXWVNXA5BJDQJWMDXGYPNS4JRMAVDSSXHCC44,Y74RXNAUAZT2U5PD57Y22NVU6UPW5WNLRLHA763EE5IJSLSJXRAX6YY4OE,2000,pay
PCSHK2EP4P6UY4XFJ2PLETRG3GK7MJDP76ORIV6LXD2BPLIMKVAA,Y74RXNAUAZT2U5PD57Y22NVU6UPW5WNLRLHA763EE5IJSLSJXRAX6YY4OE,VUYK3NVD2G3LAYSO7H7LZKXWVNXA5BJDQJWMDXGYPNS4JRMAVDSSXHCC44,71635253,pay
W3PXE4WWM35YKNBR7IBTYEVOCOB6CWCCSHPSCNFMJ2RKRNKADOTA,CEKS4MLMYXGZNYST4ZJ4F3XWWU347O424RDGPKKZP5ELDGTJOMG56FNWUU,Y74RXNAUAZT2U5PD57Y22NVU6UPW5WNLRLHA763EE5IJSLSJXRAX6YY4OE,2000,pay
AGB2ZERV2VIAZJ6A4TKBDAKGQ6LGY4FSAVEHELS5DXD2DI6V6ERQ,Y74RXNAUAZT2U5PD57Y22NVU6UPW5WNLRLHA763EE5IJSLSJXRAX6YY4OE,CEKS4MLMYXGZNYST4ZJ4F3XWWU347O424RDGPKKZP5ELDGTJOMG56FNWUU,670729,pay
PYXYX6T4VNRDEJ4W4YIOOA522EFU2VKL3YXJ3UORDWT6MXYPQN4Q,FMBXOFAQCSAD4UWU4Q7IX5AV4FRV6AKURJQYGXLW3CTPTQ7XBX6MALMSPY,4BBU2ZMMMARZQX5C3M4L2JJK7BRXVGQLYK2JBXFB43B4JKMUSCMSTCCKG4,134610,pay
JHMT2FMWVUEXBXTGKMABYMKJP5W6MTU5DOI47S5S3EA53OA5FMFA,4BBU2ZMMMARZQX5C3M4L2JJK7BRXVGQLYK2JBXFB43B4JKMUSCMSTCCKG4,FMBXOFAQCSAD4UWU4Q7IX5AV4FRV6AKURJQYGXLW3CTPTQ7XBX6MALMSPY,2000,pay
